5363470077967888|11|2028|199|Jyron Rei Cruz Raz|4307 West Fork Drive|Miami|FL|33131|+639162486808|cherrypieraz@yahoo.com|UNITED STATES
4059986047819711|01|2024|669|Kreevinthadevi|3362 Stout Street|Harrisburg|PA|17102|60143834633|vprsmotors@gmail.com|MALAYSIA
5363470069101090|08|2030|197|Marivic C Deladia|1196 Hampton Meadows|Charlestown|MA|02129|639619876017|dellivagwen@gmail.com|UNITED STATES
5363470065673134|11|2028|454|BPI Debit|2124 Freshour Circle|San Antonio|TX|78205|639953664817|arenmandique18@gmail.com|UNITED STATES
5363470015090470|03|2027|202|Noemi Aspe Aloria|3120 Archwood Avenue|Greybull|WY|82426|||UNITED STATES
4059986093974014|05|2025|702|AZIM BIN BOHKORI|3064 Parrish Avenue|San Antonio|TX|78205|60165194719|azimrule02@gmail.com|MALAYSIA
4059986051534446|02|2024|123|RUSNI BINTI MUK|1299 Short Street|Georgetown|TX|78626|+60104345046|96rusni@gmail.com|MALAYSIA
5363470095242611|02|2030|807|RHODNEY REMATA|1323 Hillcrest Lane|Quail Valley|CA|92380|639171603694|rhodneyremata@gmail.com|UNITED STATES
5363470093388838|11|2030|060|Ciara Mae Altoveros|2515 Stratford Court|Louisburg|NC|27549|639998763827|jurenlalata@gmail.com|UNITED STATES
5363470084627764|11|2028|926|Marjorie Mabato|2960 Custer Street|Erie|PA|16501|639150051591|marj.louise09@gmail.com|UNITED STATES
4059986099594790|01|2029|906|Diana binti hamud|1693 Jett Lane|Inglewood|CA|90301|600174426408|nadiahamud78@gmail.com|MALAYSIA
5363470004328899|09|2027|932|Hanna Mae Bartolome|4061 Hemlock Lane|Harlingen|TX|78550||ceokang96@gmail.com|UNITED STATES
4059986093905109|04|2028|080|Shabani|1004 Parkway Street|El Cajon|CA|92020|+60139562004|mohamadnurshabani@gmail.com|MALAYSIA
4059986062456134|08|2024|404|mohamad fariz ikram bin abd ka|3195 Quarry Drive|Dothan|AL|36301|||MALAYSIA
5363470071718535|05|2029|295|Sherwin R Roxas|488 Rocky Road|Ambler|PA|19002|+639612916663|charleskendrick27@gmail.com|UNITED STATES
5363470063588136|02|2028|765|Mary Gold Guzman|3445 Levy Court|Franklin|MA|02038||marygoldguzman21@yahoo.com|UNITED STATES
5363470085377328|04|2029|882|EMELY OMAC|1336 Wood Duck Drive|Iron Mountain|MI|49801|639223761487|emely_omac@yahoo.com|UNITED STATES
5363470062865287|07|2030|615|Audrey Shane Canceran|3586 Valley View Drive|Boston|MA|02199|639052743017|audreyshane1031@gmail.com|UNITED STATES
4059986090027378|10|2027|774|Nomie Epat|3654 Woodhill Avenue|Baltimore|MD|21217|60128700941|camalia93@icloud.com|MALAYSIA
4059986076926726|08|2026|032|Flora anak Reginal Bala|3461 Lady Bug Drive|Bronx|NY|10461|6001123530892|dhiakanut@gmail.com|MALAYSIA
4059986099742803|02|2029|250|Wan Nur Azizi|4536 Eastland Avenue|Jackson|MS|39211|60124140466|aziziwan42@gmail.com|MALAYSIA
4059986095864692|08|2028|162|Joycelynn Hng|2206 Forest Avenue|New York|NY|10013|6588042029|joycehng28@gmail.com|MALAYSIA
4059986096381845|09|2028|038|Khairul|1959 Seneca Drive|Portland|OR|97205|||MALAYSIA
4059986084027020|04|2027|404|Sera Natasha Sumbin|4751 Raoul Wallenberg Place|Greenwich|CT|06830|601117603502|natashasera1219@gmail.com|MALAYSIA
5363470044104201|03|2026|188|Windy Atamosa|3624 Jerome Avenue|Harlingen|TX|78550|821097213540|ranz_24_10@yahoo.com|UNITED STATES
4059986052650431|02|2024|870|DANIA ZUYYIN JAMELIA|4684 O Conner Street|Gulfport|MS|39501|||MALAYSIA
5363470076653885|02|2028|156|Mark John Yurong|736 Elkview Drive|Port St Lucie|FL|33452|6309559508100|yurongmarkjohn@gmail.com|UNITED STATES
5363470054828764|04|2030|979|MARIFEL LLAGAS|1303 Middleville Road|Los Angeles|CA|90017|||UNITED STATES
5363470056210342|03|2029|626|Bpi card|1918 Hewes Avenue|Chantilly|MD|20151|639950027194|garcialeonilo52@gmail.com|UNITED STATES
5363470003451841|12|2026|732|MARK GANUB|4207 Platinum Drive|Criders Corners|PA|16033|+639305401541|markyjohn7@gmail.com|UNITED STATES
4059986097067070|10|2028|712|Rahmat|2974 Coolidge Street|Jordan|MT|59337|||MALAYSIA
5363470095304312|06|2029|515|Michael Vincent Fama|1270 Pine Street|Elderton|PA|15736||heidie_mangaoang7@yahoo.com|UNITED STATES
5363470083595699|06|2030|738|Angellene Firmalino|3461 Java Lane|Augusta|SC|30902|639150938744|angellene.firmalino@neu.edu.ph|UNITED STATES
5363470063990399|09|2028|051|SHAIRABELLE NAPUTO|1154 Junkins Avenue|Nashville|GA|31630||barredojohnrodolf@gmail.com|UNITED STATES
5363470030472430|07|2027|756|Noel Periolan|705 Chenoweth Drive|Nashville|TN|37201|+639693143758|noel.periolan@gmail.com|UNITED STATES
5363470048915685|04|2026|082|Daisy Condes|2597 Kembery Drive|Oak Brook|IL|60523|||UNITED STATES
5363470095867862|11|2029|698|Joseph Jurac|4122 Point Street|Park Ridge|IL|60068|639650616061|thinenoguera@gmail.com|UNITED STATES
4059986068423419|10|2025|466|Dickson Jokbus|2009 Bridge Avenue|Elton|LA|70532|+600132004169|dksnjkbs@gmail.com|MALAYSIA
4397720467653214|04|2027|602|Maximilian Reichle|3835 August Lane|Alexandria|LA|71301|4901638283007||UNITED STATES
5363470022174242|05|2026|032|John Mark Marturillas|1637 Hardesty Street|Schenectady|NY|12305|639752450210|marturillas.makoy1998@gmail.com|UNITED STATES
4059986094843572|06|2028|642|Shukti|3999 Gnatty Creek Road|Woodmere|NY|11598|60194347282|shukriulis@groundteamred.com|MALAYSIA
5363470097824473|01|2030|972|Lovely Terrado|3113 Colony Street|Norwalk|CT|06851|+639292263363|itstongcoxoxo@gmail.com|UNITED STATES
5363470061788175|10|2028|347|Ma Jegerie Miranda|2864 Flanigan Oaks Drive|Adelphi|MD|20783|639994110447|jegemiranda@gmail.com|UNITED STATES
5363470064559201|09|2029|129|JOBELEI PHILIP PANAGUITON|3574 Larry Street|New Berlin|WI|53151|639693072593|phlppngtn@gmail.com|UNITED STATES
4059986072035894|06|2026|305|Noor mardheah chung abdullah|4523 Austin Secret Lane|West Valley City|UT|84119|601136452076|noormardheahchung2000@gmail.com|MALAYSIA
5363470084268817|03|2029|229|s Van der linden|2400 Barfield Lane|Indianapolis|IN|46254|6309175533644|stephancesarvanderlinden@gmail.com|UNITED STATES
5363470031938306|02|2026|619|CHERREL SORIANO|1923 Hide A Way Road|San Jose|CA|95136|+639553497703|jedsnierva@gmail.com|UNITED STATES
4059986089748661|10|2027|298|Rohana|3036 Diane Street|City Of Commerce|CA|90040|60138002170|rohanachibong73@gmail.com|MALAYSIA
4059986093089581|04|2028|285|BANK SIMPANAN NASIONAL|745 Melrose Street|Yakima|WA|98901|601128980623|gyankjoshua@gmail.com|MALAYSIA
5363470062020321|11|2028|338|JOHN PAUL P SINDOL|705 Morningview Lane|Cedar Rapids|IA|52404|||UNITED STATES
5363470096520643|06|2028|075|KHIMBERLY O SANTOS|3933 Shady Pines Drive|Greensburg|KY|42743|639456837645|khmbrlysaints@gmail.com|UNITED STATES
5196032150950497|03|2027|842|Zaidah Zayanah Binti Hassan|3850 Court Street|Chesterfield|MO|63005|||MALAYSIA
5363470049657427|09|2027|838|Mavel Yap|47 Brown Avenue|Gray Court|SC|29645|639382175165|danjumawan566@gmail.com|UNITED STATES
5363470080988970|06|2030|471|BERNABE ARANA BIGAY|4642 Kildeer Drive|Williamsport|OH|43164|+6309983912674|bigay.bernabe@gmail.com|UNITED STATES
5196032146343492|11|2026|836|Louisiana Utica Anak Noed|372 Bond Street|Providence|RI|02905|||MALAYSIA
5363470092464812|12|2027|434|Manuel Cadiao|Banff||AB|T1L1C2|14034976697|rouel.cadiao@yahoo.com|UNITED STATES|
4059986096704087|09|2028|507|Liana Oliver|Singapore||SGN|-207969|6593909456|feeana76@gmail.com|MALAYSIA|
5196032113664862|12|2023|885|Chng hui ni|Singapore||SGN|760874|60143725998|kelvin_oo1995@hotmail.com|MALAYSIA|
5196032148869593|01|2027|447|Sabrina Leong Szewen|BISHAN||SGN|570177|6581136131|nanaleong97@gmail.com|MALAYSIA|
4397720458097355|01|2027|870|Pornphan Langnickel|mozilla/5.0 (windows nt 10.0; win64; x64; rv:84.0) gecko/20100101 firefox/84.0|Seaton|IL|61476|19001231|pornphan.langnickel@gmx.de|UNITED STATES
5123236530526772|07|2027|832|Longshawnatanya|4300NW51stAveLauderdaleLakes|LauderdaleLakes|FL|33319|9542459884|natanya_brown5@yahoo.com|JAMAICA
4101446131034618|07|2026|463|Roy Diaz|978 N Franklin Ave|Cookeville||38505|9415452079||PANAMA
4111638639504450|07|2026|973|Yang Zheng|||CN||8613690280844||GUATEMALA
4427639000126450|07|2025|432|Katie|Markham|3500 Wildridge Blvd 3500 WILDRIDGE BLVD|Oak Point|Texas|75068|4693629000|UNITED STATES
4070371785650187|01|2031|855|Grant|Christiansen|1672 S Layton Dr|Climax||12042|185.207.249.81|grant.christiansen@email.com|UNITED STATES
4921077055540807|02|2027|647|vicente rodriguez aramayo|hondartza kalea 9 a|guipúzcoa||20820|646742086|virodar@hotmail.es|SPAIN|
4978741675545841|06|2026|396|Fouquet|21 rue Robespierre|Montigny-en-Gohelle|France|62640|||FRANCE
4978743855123233|06|2025|263|Grgory Combes|2324 chemin charr|Ceyreste|Bouches-du-Rhne|13600|0624465983|greg77310.combes@gmail.com|FRANCE
4549516209782064|02|2027|720|Alfredo Rivera|Calle Portugal 426|Carolina|PR|00983|7874034910|mellisa_wagner@umr.com|PUERTO RICO|
4978740374183771|06|2026|695|Harold Laffet|445 Chemin du MAZEL Lieu dit MAZEL|Plazac|null|24580|0686402443|harold.laffet@orange.fr|FRANCE
4978740373071910|09|2025|673|Mathis Menard|||||749349663||FRANCE
4549516720424089|09|2025|664||||||||PUERTO RICO
4549516160436049|01|2026|977|Luis Vega|2104 shadow creek drive|Kissimmee||34746|13219786399|jamayra.espada@gmail.com|PUERTO RICO
4549516594149960|05|2027|468|Armando valdes|Urb Magnolia Gardens Calle 6 D-31|PR||00956|9394175000||PUERTO RICO|
4549516875326410|08|2028|920|Anais Quinones|414 DARLING FARM RD|Camden Wyoming|Delaware|19934|||PUERTO RICO
4245866151217461|10|2026|555|Isabel Fernndez Martnez|Calle Claveles num. 10 urbanizacin Balcn de la Costa|San Miguel de Salinas|Alicante|03193|680723240|null|SPAIN
4245866149308711|10|2026|074|Beln Lpez|Calle Teruel 2 1A|Fuenlabrada|Madrid|28941|680572892|null|SPAIN
5132833045590407|09|2025|750|richard abt|7 rue dammerschwihr|Beatrice|NE|622517761|richardabt47@gmail.com||FRANCE
5132831006496515|06|2025|668|cedric jauzi|1 impasse du coteau|FR||21550|0671936510|jauzicedric@yahoo.fr|FRANCE|
5132830966241887|06|2024|282|0687448114|83340|pinguemarc@gmail.com||le cannet des maures|93 impasse des lys||FRANCE|
5137748203615835|12|2023|869|Delsi Raquel|20 avenue Roger Semat|SAINT||France|||FRANCE
5137783509943003|10|2024|623|Diaz Ascension|vias||BS|344450|33616323637|judojudfruit@gmail.com|FRANCE|
5132831002823852|05|2025|871|charles cabral|154 route de bron|Bryantsville|KY|40410|651296049||FRANCE
5132830994490852|02|2025|009|Myriam Delaruelle|25 Rue du Colonel Courtot de Cissey|Nancy||54000|0684908252||FRANCE
4563555196570315|03|2025|863|Laurent Notermans|227 Twin Willow Lane||NC|28307|31.161.158.12|laurent@notermans.nu|NETHERLANDS
4251319527359097|01|2025|744|Mike Reilly|50 North Main Street|Mountain Top|PA|18707|2673006863|mike@mikery.com|UNITED STATES
4251319536687256|04|2026|955|Emmanuel Swanwick|2701 Little Elm Pkwy|Little Elm||75068|4698656252||UNITED STATES
4251319039368669|01|2026|744|Chris Kirkham|733 EDEN TER|ROCK HILL||29730-3621|8287191799|kirkhamcw@gmail.com|UNITED STATES
4488440352143946|06|2024|149|CRAIG KITTERMAN|5925 HILLGLEN DR|Fort Worth|TX|76148|8172819179||UNITED STATES
4488449999117130|05|2024|450|Dionne Kirkland|1535 e Carson st apt 112|Carson||90745|424-450-4493||UNITED STATES
5168494976784852|03|2028|074|MIROSLAV|DIMITROV|Kaiser Wilhelm Stra se 20|Saara|NA|7589|498053370855|BULGARIA|miroslavsdimitrov9407@gmail.com
5262251576261623|11|2026|586|Rachel Arzola|7778 Monse Cir|Jurupa Valley||92509|9097820431||UNITED STATES
5262259990766382|09|2027|688|Gary norvell|4553 monte vista dr|Camino||95709|530-919-5688||UNITED STATES
5466160312722984|01|2027|577|Maria Rocha|6823 Sharps Dr|Plano|TX|75023|||UNITED STATES|
5466160461635037|10|2027|326|Anderson John|1024 s 4th st|Oskaloosa|IA|62577|6415040085|johnfarand@gmail.com|UNITED STATES
5466160524189592|09|2026|986|karan kyle|1200 winterberry ln|Medina|OH|44256|4406672320||UNITED STATES
5466160477697427|08|2026|082|Adam D Kornfield|55 hester st apt 6b|New York|NY|10002|19820929|adam.kornfield@gmail.com|UNITED STATES
5153079790222531|09|2025|754|Michael Cooper|6521 Gateridge dr|Raleigh|NC|27613|8622938204|mcoops25.mc@gmail.com|UNITED STATES
5312600139170566|01|2026|889|Glauco Bodini|11170 Heron Bay BLVD apto 716|FL||33076|561-334-3415|ellisrd@sbcglobal.net|UNITED STATES|
5599940324891665|11|2027|471|CLIFFORD REDDEN|17 7th ave|ON||P0J1H0|17059619157|cogfxz@gmail.com|CANADA|
5507430001801071|01|2024|588|Jennifer A VanderWall|4541 brubaker rd|Petoskey|MI|49770|2318382270||UNITED STATES
4328641370984377|11|2024|180|Carl Miller||Bowling Green||42104||tjmill180@gmail.com|UNITED STATES
4328641371225960|04|2026|893|Denny Lundy|955 Akersville Road|Scottsville|KY|42164||dennyllundy1977@gmail.com|UNITED STATES
5443481412147585|01|2027|351|Brandi Kinsey|9300 S Moreto Circle|Summerville|SC|29485|8438345304|brandi.kinsey@aol.com|UNITED STATES
4616752354752192|08|2025|226|ODETTE L MILLER|1535 Ben Franklin Rd|Leesville|SC|29070|8039088151||UNITED STATES